{"size": 50, "data": {"Python": 0.013651099987328053, "Rust": 0.0007067999977152795, "Go": 0.021386899999924935}}
{"size": 100, "data": {"Python": 0.08939249999821186, "Rust": 0.0005782000080216676, "Go": 0.02762220001022797}}
{"size": 50, "data": {"Python": 0.023365800007013604, "Rust": 0.0005531999922823161, "Go": 0.0065639000094961375}}
{"size": 100, "data": {"Python": 0.10566580000158865, "Rust": 0.0004538000066531822, "Go": 0.0033567999926162884}}
