{
  "benchmark_results": {
    "Python": {
      "time": 0.010493900001165457,
      "timestamp": 1773343754.049407
    },
    "Rust": {
      "time": 0.0002879999956348911,
      "timestamp": 1773343754.0497005
    },
    "Go": {
      "time": 0.011762699999962933,
      "timestamp": 1773343754.0614655
    }
  },
  "total_time": 0.02255690000311006,
  "matrix_size": 50,
  "timestamp": "2026-03-12 22:29:14"
}