{
  "benchmark_results": {
    "Python": {
      "time": 0.013588800036814064,
      "timestamp": 1774009727.4483469
    },
    "Rust": {
      "time": 0.0004830000107176602,
      "timestamp": 1774009727.4488397
    },
    "Go": {
      "time": 0.016996500024106354,
      "timestamp": 1774009727.4658403
    }
  },
  "total_time": 0.031094799982383847,
  "matrix_size": 50,
  "timestamp": "2026-03-20 15:28:47"
}